{"success": true, "score": 89.76666666666665, "scoreJson": {"score": 89.76666666666665, "mean_recall": 89.76666666666665, "r1": 78.3, "r5": 94.39999999999999, "r10": 96.6}}