{"success": true, "score": 75.42666666666666, "scoreJson": {"score": 75.42666666666666, "mean_recall": 75.42666666666666, "r1": 55.7, "r5": 81.78, "r10": 88.8}}