{"success": true, "score": 61.96666666666667, "scoreJson": {"score": 61.96666666666667, "mean_recall": 61.96666666666667, "r1": 41.099999999999994, "r5": 67.60000000000001, "r10": 77.2}}