{"success": true, "score": 59.699999999999996, "scoreJson": {"score": 59.699999999999996, "mean_recall": 59.699999999999996, "r1": 39.1, "r5": 65.4, "r10": 74.6}}